{"cameraMode":{"drawMode":0,"name":"Shaded","section":"Shading Mode"},"sceneLighting":true,"audioPlay":false,"sceneViewState":{"m_AlwaysRefresh":false,"showFog":true,"showSkybox":true,"showFlares":true,"showImageEffects":true,"showParticleSystems":true,"showVisualEffectGraphs":true,"m_FxEnabled":true},"in2DMode":false,"pivot":{"x":-2.9491500854492189,"y":2.5395054817199709,"z":15.671902656555176},"rotation":{"x":-0.11105648428201676,"y":0.5039611458778381,"z":-0.06553241610527039,"w":-0.8540478348731995},"size":20.957429885864259,"orthographic":false}